Var1,Var2,Var3,Var4,Var5,Var6,Var7,Var8,Var9,Var10,Var11,Var12,Var13,Var14,Var15,Group
0.015692875,-0.262142428,-0.97009748,0.88903057,-0.955225493,1.742253846,0.016656458,-0.068655217,-0.60079918,2.08753799,0.45993929,0.705443671,0.232003391,0.82074257,0.857385292,1
0.311037893,-0.689756114,-0.07860615,0.71116966,-1.092427601,0.667580216,-0.159711671,-0.258361748,-0.350157326,1.157144669,-0.463903301,-0.198214811,-0.63647428,1.192405313,0.872527474,1
0.280031577,0.17606057,-0.261413413,0.72860742,-0.960703555,0.805076259,0.275307334,-0.473106907,-0.460018936,1.673718287,-0.459961182,-0.292765699,-0.14518156,0.881722823,0.701027581,1
0.062292682,-0.362375989,-0.534653974,0.814878025,-1.15206235,0.458818358,0.194000891,-0.558155612,0.210371315,0.925482625,-0.929330729,0.324544423,-0.383580537,1.696212817,0.674960244,1
-0.466001014,-0.445502001,0.117512017,0.062993051,-0.762892161,-0.055509991,0.177811334,-0.163630205,-0.059621864,0.832862994,-0.603087927,-0.527319898,-0.52393311,1.243380693,0.760139255,1
0.176160794,0.100387394,-1.208950999,1.235622824,-0.599924436,1.148746212,-0.05395211,-0.412160565,0.000665372,1.760769003,0.509082493,-0.030255892,-0.090621741,0.442354747,1.230479864,1
0.083380161,-0.409590885,-0.979359863,1.030698789,-1.250554632,1.070900924,-0.110615898,0.143468,-0.088035461,1.894971393,0.312942013,0.174220792,-0.114429861,0.899797036,1.321637061,1
0.457783057,-0.310988699,-0.622449592,0.311936727,-0.601231288,1.061584505,0.039561469,-0.114635798,0.138706112,1.277214374,0.407898673,0.281337245,-0.516848708,1.269167331,0.866556261,1
0.57298327,-0.429730742,-1.007637479,0.923504565,-1.286852197,0.893002903,0.197843616,-0.473001312,0.287035757,1.656374231,-0.043735961,-0.016004153,-0.884395852,1.724618257,0.971094634,1
-0.03585124,-0.090884117,0.166900814,0.237691355,-0.938029913,0.641511308,0.131731618,0.052588676,0.065643867,1.101086363,0.139411409,-0.025646319,-0.218822702,0.763824073,0.220330301,1
-0.016433853,-0.670531541,-0.760956533,1.312187733,-0.446647831,1.024044924,0.182927351,-0.034198399,-0.12870152,1.452205228,0.348694211,0.794372511,-0.267034809,0.560575098,1.291486278,1
-0.199067592,-0.670720714,0.011788929,0.473959829,-1.463330605,-0.176272535,0.223398591,-0.996164677,-0.18550963,-0.06217671,-1.867643982,-0.865600446,-0.123068724,2.419608843,0.350937699,1
-0.235184194,-0.410031142,-0.534171997,0.446294595,-0.874112486,1.024850458,-0.107292176,0.044621669,-0.159079303,0.801849095,-0.079204391,0.100464915,-0.374238419,0.610628285,1.038758601,1
-0.197301291,-0.055471203,-0.310277374,-0.07884523,-0.172968656,0.663926134,0.316512548,-0.379222709,0.296623951,0.813856749,0.124096707,0.063898787,-0.21255828,0.355408268,0.729629914,1
0.379643916,-0.159428525,-1.428270345,0.84309205,-0.38637635,1.461832663,0.048115595,-0.341839029,-0.428296002,1.644725488,0.393059427,0.424669301,-0.568954156,1.373033654,1.247808276,1
0.075507144,-0.23287085,-0.196414141,0.562327674,-1.020959616,1.251741932,0.109900748,-0.495980829,-0.303386964,0.832943449,0.152717872,-0.205652123,0.376334676,1.349491059,0.797014822,1
-0.088472539,-0.275244798,-0.375771017,0.158917796,-0.338138054,0.403478409,-0.005492165,0.135912618,-0.081655536,0.331235787,-0.290212401,0.060113806,-0.151969237,0.598116586,0.269770912,1
0.228061273,-0.581158327,-0.247130025,0.278249752,-0.936518889,0.394824313,0.227621027,-0.147476671,-0.028237533,0.190368179,-0.403487786,-0.06091493,-0.769937864,0.729046037,0.674004672,1
0.046668294,-0.27283154,-0.089593824,0.314325079,-0.771633857,-0.478369617,0.079088157,0.0010892,0.30108405,0.133508293,-0.802711277,-0.075371191,-0.32077453,1.134932641,-0.007408741,1
-0.19075486,0.290717506,-0.326370161,0.201244908,-0.89365692,0.539183106,-0.089915175,-0.099877217,-0.377804451,0.520592662,0.063199769,-0.239957625,-0.108950932,0.757984475,0.093067393,1
0.117776948,-0.207365997,-0.0268533,0.467054125,-0.294783943,0.666056085,0.186800976,-0.250104476,0.662600305,0.915476449,-0.220420318,-0.124221581,0.294310756,1.100656313,0.804524841,1
-0.370503807,-0.456008715,0.221555476,0.256224897,-0.777999453,0.399592141,0.369962883,-0.384587972,-0.044329485,0.197092001,-0.338417386,-0.565335757,-0.482455068,1.376213074,0.351266508,1
-0.001269134,-0.235402407,0.11938216,0.698373268,-0.99303426,0.467949672,0.437608032,-0.007542977,-0.165459053,1.269899009,-0.332356357,-0.307010577,-0.587580256,0.977384514,0.661119086,1
0.101241994,-0.872965922,-0.793160595,0.97645657,-1.712043471,1.010168634,0.36944412,-0.663913603,-0.273865269,1.563110295,-0.134787686,0.460904948,-0.787719871,1.140040638,0.882483872,1
0.058843024,-0.877493402,-0.159749851,0.447062423,-1.122644311,0.656562011,0.354869277,-0.269334931,-0.211749816,1.122280382,-0.49511653,0.100398122,-0.40695501,0.91642048,0.771359884,1
-0.101993493,-0.244787131,-0.656861119,0.500870767,-0.66517876,0.91569219,-0.078483605,-0.250515321,0.139966491,1.422101393,0.167124288,0.155407237,-0.063131093,0.363158396,0.738365249,1
-0.041230886,0.071051427,-0.134965922,0.702769062,-0.445750573,0.967140608,-0.039256077,-0.087616841,-0.478055688,1.338614749,-0.030874458,0.068201783,0.070080873,0.34915981,0.39442992,1
0.082715619,-0.589940217,-1.033359869,1.206516729,-0.875886195,0.961211885,0.587080285,-0.728866134,0.076617131,1.155458816,-0.1600011,0.181633043,-0.508788275,1.099116417,0.577439115,1
-0.010055178,-0.171294723,-0.939740625,0.913085737,-0.844332476,1.207697513,-0.177123855,0.198109182,-0.226197625,1.625551588,1.169590792,0.126032095,-0.245242447,0.989040061,1.050138087,1
0.609059444,-0.899271511,-0.937927022,1.332700475,-1.357770988,1.398104583,0.199804992,-0.503035841,-0.140448503,1.649777509,0.01385464,0.023858385,-0.686734363,1.934560614,1.486335551,1
0.104474319,-0.045614857,-0.603399049,0.217051773,-0.509614405,0.720190339,0.280552239,-0.17900538,0.029138235,0.624748707,-0.159936217,0.154324052,-0.326120079,1.228623287,0.391959558,1
0.252265796,-0.156995297,-0.855773804,1.319278847,-0.801850084,1.53875638,0.239039786,-0.132136654,-0.11376943,1.277407987,0.216314565,0.092045856,0.137299764,0.888034832,0.788500515,1
0.161349529,-0.503639393,-0.566252722,0.533269475,-0.834075617,0.767985799,0.346244835,-0.309106381,0.105689669,1.12286503,0.325578616,-0.356750192,-0.018730224,0.821075344,0.664401224,1
0.191147709,-0.479284986,-0.894274662,0.906598823,-0.815013766,0.399639803,0.545893359,-0.909777961,0.176055253,1.569632645,-0.023727043,-0.079864767,-0.232350105,1.175776902,0.699258499,1
0.531714848,-0.027026574,-0.572919981,0.570849387,-0.736279342,1.038845461,-0.015897221,-0.069048551,-0.309848986,1.123505969,0.595011591,0.391330823,-0.242301504,0.642990629,1.034697944,1
-0.011800233,-0.416226704,-0.024861085,0.330288004,-0.581663837,-0.101458739,0.079742857,-0.028403396,0.100272073,0.291004066,-1.037603033,-0.226992731,-0.377894701,0.521889162,0.560403988,1
-0.074099677,-0.737931536,-0.500615658,0.991173716,-1.465674593,0.989123725,-0.367767971,-0.601254167,0.385855145,1.694765305,-0.052010141,-0.422155872,-0.138147057,1.183599049,0.945074746,1
0.081315048,-1.130744594,-0.126442567,0.153832522,-1.335428113,-0.114119047,0.096990612,-0.398425335,-0.104943425,0.849925886,-0.894442537,-0.166613574,-0.315484187,1.69446546,0.451964906,1
0.055873012,-0.165973142,-0.728359401,0.348300735,-0.319889915,0.676900878,0.189505418,-0.160941672,-0.210631498,1.088225545,0.162147759,0.278526912,-0.438928285,0.409950305,0.592897004,1
0.306949919,-0.243559798,-1.063818549,0.650969695,-1.191726911,0.891681607,0.265031384,-0.124930407,-0.340304115,1.772382862,0.681675801,0.322623818,-0.304215531,0.876288413,0.793751558,1
0.083451217,-0.200375722,-0.567460415,0.981395271,-0.604833567,0.90219374,0.433899834,0.150109422,0.069484708,1.147110388,0.69699803,0.037665841,-0.372350022,0.888926579,0.965651439,1
0.384228675,-0.673215883,-0.023502913,0.595221477,-0.757927757,0.534908622,0.096778099,-0.122969453,0.111952522,0.80471304,-0.301476604,-0.2521176,-0.408312046,0.397911387,0.479120732,1
0.343575384,0.102652274,-1.02921184,0.560568876,-0.309336241,1.5015752,-0.185106265,0.126856671,-0.89156957,2.248066453,0.731881003,0.466957143,-0.704987985,0.810444852,0.757471251,1
0.044081929,-0.526995613,-0.185036375,0.182416488,-1.335904337,0.332919979,0.268423214,-0.8456562,0.109378795,0.501243888,-0.682381535,-0.717423567,-0.292042067,1.104307927,0.491220293,1
0.576694101,-0.613404199,-1.166815237,0.869989033,-1.678730186,1.369994488,0.124472436,-0.778618817,0.096144551,2.153946021,-0.240676998,0.427657356,-0.345831463,1.391730317,1.516495403,1
-0.060865312,-0.173866149,-1.41195273,0.936345273,-0.481866246,1.471015756,0.461953399,-0.76582402,0.121290853,1.513074591,1.073279979,-0.123791755,-0.396080473,0.720979508,1.064938388,1
0.542909848,-0.439404384,-0.471153511,1.277075426,-1.15739313,1.646020141,-0.422480397,-0.463211754,-0.23329988,1.747378576,0.290520722,-0.163352377,-0.282979231,0.860590011,0.849684493,1
0.296242081,-0.805277398,-0.552513942,0.480022767,-1.514182821,0.746089493,0.365739861,-0.188735423,-0.332575618,1.499957858,-0.149552188,0.418443001,-0.03665259,0.617078073,0.506771125,1
0.151466226,-0.391790086,-0.932145918,0.432908843,-1.199495688,1.05798844,0.338457727,-0.352583075,-0.019030809,1.008231976,-0.110140087,-0.462492879,-0.361121549,1.103531247,0.909635002,1
0.248782107,-0.28722178,-0.888097484,0.948940261,-0.515099449,0.929354533,0.148836108,-0.22218417,-0.42451879,0.96160577,0.204688297,0.185156648,-0.801956352,0.78578972,0.815623569,1
-0.090669298,-0.257137603,-0.449945593,-0.223359733,-0.476864017,-0.258640723,-0.242666979,-0.16963028,0.171142585,0.477923444,-0.916247112,-0.175262036,0.171201408,0.605146422,-0.017107636,2
-0.225189293,-0.077945972,0.494925074,-0.240947533,-0.992389159,-0.765027492,-0.317035833,-0.260825123,-0.095508268,0.307294448,-1.058461702,-0.231796819,0.198647765,0.859928722,-0.399166238,2
0.016625578,-0.075659681,0.212572965,-0.028686013,-0.280372225,-0.000704803,0.254019219,0.055004923,-0.096870509,-0.134410722,0.363433204,-0.429602418,-0.013593972,-0.141447977,0.25573231,2
-0.05858346,-0.491422138,0.006971127,0.112307759,-0.307012521,-0.225499308,-0.005186532,-0.079389542,0.403809866,-0.128170743,-0.485086175,-0.016052606,0.098201853,0.446113383,0.053495485,2
0.372393763,-0.322576847,0.84780988,0.076446757,-0.094706219,-0.53462172,-0.054077119,-0.037411532,0.394862452,-0.031575897,-0.682533919,-0.28788208,-0.007858491,0.437035837,-0.046995451,2
-0.189307582,-0.124590747,0.577239127,0.273332854,0.083706191,-0.042992229,-0.174012833,-0.146040797,-0.208914931,-0.314722901,-0.156227673,0.114905446,0.124807661,0.255193004,-0.426911815,2
-0.141374808,-0.547845276,0.011421949,0.389473414,-0.398391382,0.537768229,-0.164295145,0.160156716,-0.414675511,0.490834988,-0.472718585,-0.086042713,-0.017249424,0.929156991,0.53754015,2
0.019946196,-0.467014697,-0.164321992,-0.114640297,-0.488797348,0.252063647,0.234706046,-0.173971427,0.361204629,0.077996368,-0.951346778,-0.437648048,0.213452125,0.521232257,0.074221316,2
0.275253314,-0.452971993,0.351169353,-0.115107213,-0.822512792,-0.36017335,0.087328238,-0.287241454,0.200426807,0.21847427,-1.280591147,0.157868667,0.01513582,1.131150384,-0.264797556,2
0.385934437,-0.405844059,0.651929284,-0.169431086,-0.819207072,-0.716397468,-0.107234088,-0.104104905,0.466479815,-1.315048358,-1.427012117,0.080684521,-0.023305268,0.59688079,-0.311305329,2
0.185904221,-0.05382049,-0.136260967,0.198965823,-0.131078089,0.305656481,-0.030295495,-0.004655089,-0.21489308,0.76721836,0.567755673,0.235636305,0.208582752,0.25180243,0.297882686,2
-0.252136486,-0.097483788,0.275665724,0.151835374,-1.065464963,0.300472584,0.619736369,-0.247007495,0.243774038,0.313988545,-0.952460668,-0.350662377,-0.350682088,0.951753545,0.120189441,2
0.007168033,-0.104556283,0.556712387,0.078167788,-0.602903682,-0.419496081,-0.098572232,-0.314290239,0.050621962,-0.04449723,-1.190974113,-0.492359346,0.037095717,0.461889541,-0.000769549,2
0.308393261,-0.397814735,0.49863851,-0.021534599,0.10440248,-0.324556753,0.066681043,-0.095915448,0.515440421,-0.006977364,-0.659747528,-0.392305545,0.07395193,0.481238045,-0.49818926,2
-0.301987597,-0.068486427,-0.348881324,0.137698622,-0.648700152,0.33322475,-0.091086827,-0.011632077,0.141430758,0.210491029,-0.684929728,-0.104825328,0.32910671,1.048077742,0.021049867,2
-0.360511544,0.472885457,-0.025894305,-0.009207084,0.167088975,0.200253465,0.142174192,-0.190830176,0.062396389,0.039533006,1.023875049,0.090288966,-0.035518037,-0.438270262,0.389327872,2
0.279279392,-0.304717885,-0.407529859,0.10779129,-0.272728564,-0.170689503,0.386110079,-0.055113877,0.00415001,0.79551099,-0.369834042,-0.209686285,0.63291025,0.413405243,-0.266011115,2
0.128595908,-0.340899976,-0.015472939,0.485112031,-0.752489509,0.04852698,0.168262858,-0.620113222,0.317006719,-0.212200712,-1.423043587,-0.558323581,0.257558145,1.067446804,0.346240538,2
-0.204301466,-0.413859913,-0.202390108,0.308772241,-0.609516892,0.33881426,0.388221597,-0.207669125,-0.330992057,0.617770368,0.311128342,-0.605368167,0.031006122,0.215942386,0.089105391,2
0.555231225,0.040811726,0.079951345,-0.389249032,-0.50052786,-0.221284044,-0.057147555,-0.222585492,0.289375643,-0.545480854,-1.102077627,-0.204141802,0.519520288,0.394573837,-0.25380388,2
0.124105998,-0.660375048,-0.193190878,-0.426790189,-1.005622073,-0.222614287,0.796046143,0.23299655,0.474761518,0.389031869,-1.108643298,-0.193217284,-0.231864186,1.407202316,-0.225080829,2
0.790917536,-0.776935041,-0.006705317,-0.275747704,-0.760815085,-0.103917851,0.3286403,-0.239328369,-0.041462487,-0.530724526,-1.056696366,-0.394056636,-0.108006085,1.043230411,-0.076987669,2
-0.122404394,-0.736719396,-0.27204985,0.226674875,-0.717206471,-0.00940568,0.516253975,-0.092103453,0.626306932,0.42518508,-0.605992579,-0.120853657,-0.065823873,1.151535227,0.330843975,2
0.176636343,-0.443984835,0.042941339,0.068367576,-0.628158964,-0.195857116,0.050546772,-0.343542072,0.510748066,-0.276781927,-0.905671114,-0.058995186,-0.461464144,0.441455556,-0.05455979,2
-0.062942612,-0.015144846,-0.104790238,0.587079901,-0.392148402,-0.12130148,0.396678023,-0.314173212,-0.096856649,-0.352535651,-0.531472579,0.413106861,0.067544774,0.48992169,0.073014799,2
-0.084646278,0.017248424,0.116772778,0.148765141,-0.126806966,0.154713611,0.329946826,0.110849367,0.436883244,0.209366367,-0.096470432,0.097831334,-0.380656844,0.517368371,-0.21164706,2
-0.276207971,-0.630372808,0.204948458,0.234464391,-0.066228528,-0.189068763,0.28396136,-0.099754345,-0.232602133,-0.400279655,-0.785910067,-0.458732487,0.377223189,0.685172012,-0.522158157,2
0.548233821,-0.419270197,0.378520877,-0.503248172,-0.046227323,-0.384334026,0.230712705,0.011151087,-0.182820058,-0.525950914,-0.616881294,-0.02750183,0.052813093,0.327100328,-0.223338045,2
-0.205039422,-0.313178383,0.276984405,0.147895533,-0.555545127,-0.516948864,0.652340592,-0.187605065,0.059571598,-0.381385658,-1.287667698,-1.246085885,-0.421708944,1.12126365,-0.149148972,2
-0.293064792,-0.048211862,0.156980299,0.121012192,-0.354820414,0.297622189,0.38345128,-0.044674697,0.12737607,0.299214794,-0.017566503,-0.315802186,0.094516794,0.230566012,0.355372507,2
0.155871972,-0.028930155,-0.317712345,0.133915748,-0.963924283,-0.097544599,0.076543755,-0.241919315,0.253668776,0.012918876,-0.993591339,-0.464117318,-0.050654629,1.072093963,-0.227132269,2
-0.060364928,0.222986491,-0.316655253,-0.17825804,0.125360078,-0.102942928,0.32872095,0.321288999,0.583693857,-0.470084825,-0.657392378,0.233476597,0.260988891,-0.052262109,0.365962377,2
-0.041878802,0.352406313,-0.183294621,0.251844082,1.356726388,0.712120591,-0.257860857,0.308628805,0.005106474,-0.012718786,0.282561979,-0.187398604,0.114425883,-0.312901986,-0.063075115,2
0.371699731,-0.490321835,0.12400542,-0.215895202,-0.712208904,-0.29633587,-0.10954512,-0.023314243,0.248685636,-0.359666048,-0.997982582,-0.370381668,-0.228443655,0.949671834,-0.083534604,2
0.22099467,0.015191895,-0.202317448,-0.03947841,-0.731721424,0.474366288,0.385487684,0.294567573,-0.245473184,0.798084222,-0.065026277,0.063232141,0.080716041,0.192619854,0.436850012,2
0.038344844,-0.121330912,-0.146802313,-0.289389306,-0.511507774,0.20736406,0.23198366,-0.617397104,0.316473315,0.395200282,-0.401395577,0.198247289,-0.100570687,0.606521975,0.181624309,2
-0.226318833,-0.563982279,0.034315971,-0.478273619,-0.608943126,-0.783181366,0.253448929,-0.521996255,-0.007261113,-0.480674447,-1.257641747,-0.295308977,-0.474906712,0.61309612,-0.614253416,2
-0.072279394,-0.253637823,0.082681253,0.088541858,-0.74007202,0.086122947,0.140469179,-0.65917416,0.295541217,-0.033407875,-0.46732939,-0.288140576,-0.018141582,0.94783407,0.088571971,2
0.112323391,-0.463099984,0.272245741,0.012832865,-0.791601085,-0.487345126,0.754018359,-0.729473291,0.285741552,0.567486828,-1.184923585,0.103976587,-0.20774431,1.19822835,-0.120213412,2
-0.087566519,-0.099952447,0.307589198,0.109509193,-1.107368029,-0.23093477,0.300982487,-0.391401866,-0.184312395,0.130114413,-0.988593595,-0.332586036,-0.353206692,0.830366169,-0.203285183,2
0.004248698,-0.269383807,0.84376809,-0.35096896,-0.906393819,-1.207427652,0.096428436,-0.43483926,0.509269308,-0.887813686,-1.835836301,-0.23075733,-0.315847297,1.131053091,-0.453074827,2
-0.425321393,-0.269180391,0.480045222,0.032575923,-0.446468336,0.36045015,0.09230621,0.211354791,-0.39607687,0.419504547,0.307702509,-0.076175091,0.222674246,0.062265943,-0.071085883,2
-0.192429946,-0.404592405,-0.146476375,-0.219404065,-0.887356197,-0.140533855,0.106533664,-0.257553254,0.363530232,0.436448091,-1.148060686,-0.508308354,0.216074002,1.153209244,-0.10997578,2
0.289234414,-0.200765525,-0.691830076,0.112875128,-0.072796845,0.541160847,-0.067226366,0.182346169,-0.211367764,0.712792428,1.049158163,0.286775366,0.465489751,-0.033610264,0.352144505,2
0.304813491,-0.557376235,-0.246224116,0.03256614,-0.608143123,0.168996914,0.361392837,-0.391881617,0.061438076,0.306838471,-0.937960688,-0.440313152,-0.081401819,0.947905991,-0.14295737,2
-0.130665808,-0.085214191,-0.64863178,0.071306861,-0.330294705,0.479531225,-0.051666323,0.060751783,0.17759337,0.118866767,0.27528703,-0.017737577,-0.255176146,0.386275693,0.437936863,2
-0.096882759,-0.413008422,0.518956342,-0.331351066,-0.608243564,-1.037525448,0.149540901,-0.540386485,0.28371408,-0.496505491,-1.804155604,-0.364121421,-0.053457996,0.913049872,0.197955534,2
-0.171851089,0.202493933,0.519057608,-0.382132796,0.026543665,-0.016771596,0.191203383,-0.010312932,0.296517026,-0.060288901,-0.188227305,-0.089552839,-0.563667804,0.257500878,-0.422998986,2
0.039816947,-0.079983339,-0.287045162,0.635541025,-0.50192026,0.575348167,0.012343999,-0.280150616,0.15194702,0.741850993,0.643745852,0.507181367,0.262424204,0.088006051,0.74983629,2
0.13737164,-0.349009798,0.505546088,-0.161987227,-1.143848889,-0.391895137,0.073605677,-0.800577586,0.121980046,0.189036586,-1.010685701,-0.233690909,-0.556102477,1.275212245,0.124976946,2
0.630156131,-0.348496292,0.116900724,0.249046739,-0.336519701,0.250743104,-0.494858883,-0.332347365,0.164159616,0.447737179,0.036136541,-0.074805735,0.821498408,0.265924215,0.557586919,2
0.486109205,-0.501937294,0.036855828,-0.344642658,-1.210256051,-0.790030001,0.209681171,0.189128762,0.019961509,0.059191149,-1.794535479,-0.452006896,-0.522836389,1.518984649,-0.410450814,2
0.31260319,0.201354774,-0.306118559,0.498420787,-0.873390522,0.639233196,-0.223719414,0.091573207,-0.082692571,1.275133686,0.24187929,-0.143821884,0.075594509,0.616269659,0.88391205,2
-0.03447239,-0.501034901,0.225314399,-0.017868969,-0.950525218,-0.336693048,0.509123437,-0.817283265,0.309007403,-0.368714357,-1.687284667,-0.258548432,0.225314232,1.123734582,0.031740138,2
0.200334179,-0.667056336,-0.141278033,0.224760621,-0.776856574,-0.040154947,-0.307836487,0.168707304,-0.144747746,0.101048959,-0.850790955,-0.516137877,0.044922504,0.468193965,-0.29502429,2
0.279584644,-0.476023713,-0.283188396,-0.149006497,-0.855375451,0.409706313,0.519624648,-0.203697494,0.169125023,-0.073772059,-0.7701106,-0.389007722,0.362652266,1.229360078,0.095173696,2
0.236253407,-0.520190765,0.132237099,0.376978189,-0.548666447,-0.844414536,0.099349879,-0.294754446,0.196458251,-0.331606132,-0.682888912,-0.293187317,-0.091015722,0.716306701,-0.083050636,2
0.192904036,-0.877434635,0.582093924,-0.3019711,-1.731786509,-1.016429227,0.484457535,-0.700677446,0.332747532,-0.451926319,-2.794345401,-0.715916801,-0.350472064,1.501758665,-0.493930552,2
-0.170549799,-0.9103168,-0.077607594,0.232848298,-1.106062234,-0.08550562,0.330611669,-0.988108615,-0.044888208,0.357220225,-1.012742537,-0.048435077,-0.092125308,0.885451729,0.035156371,2
0.068098083,-0.600405591,-0.035691599,0.086038625,-0.121245975,-0.42008964,0.085289529,0.065244493,-0.031384043,-0.164109719,-0.621376292,-0.456980673,-0.186425427,-0.075120648,-0.114295764,2
-0.442032161,0.107911666,-0.281930592,0.037708371,-0.33430766,-0.223067166,0.335482724,-0.366675022,0.027969948,0.190014202,-0.857613225,-0.315331635,0.00957916,0.577223983,0.146633916,2
0.398015094,0.104751921,-0.520803448,0.572103331,0.11846042,0.467776507,-0.376737999,0.22878959,-0.395795061,0.420310551,0.565689298,0.083158864,0.238340317,-0.457849431,0.117920652,2
0.273392259,-0.163351237,0.275431739,-0.524428016,-0.326945427,-0.894476166,0.109755862,-0.339460192,0.246719941,-1.10357499,-1.405218593,-0.993808364,0.059671437,0.46728686,0.021131573,2
-0.049336802,-0.595313625,0.649360029,-0.535896741,-0.783978388,-0.259841836,0.168599053,-0.571288605,0.557596467,-0.344569786,-2.123510593,-0.974092216,0.036432876,1.15094011,-0.189944067,2
0.068475719,-0.249186273,0.191132733,-0.211604295,-0.364062736,-0.432432281,0.328554999,0.03037546,0.220170215,-0.210108377,-0.408569539,-0.492318347,-0.048461577,0.668880059,-0.068841912,2
-0.005208622,-0.417741122,-0.599679355,0.050789925,0.277913053,0.156126315,-0.391807932,0.069090319,-0.026474172,0.377590244,-0.104212317,-0.431341672,0.566813498,0.351092915,0.300536639,2
-0.167365441,-0.422506886,0.217381058,-0.284673048,-1.049612633,-0.457269989,0.510164,-0.045791132,0.113748609,-0.677191893,-1.543375684,-0.338165515,-0.075774315,0.770722485,0.030434955,2
0.710716636,0.06368734,-0.543849423,-0.282189124,-0.379439904,0.594835707,-0.219969235,0.152124912,-0.044690184,0.195441311,0.205713943,-0.140120765,0.206672552,-0.195228644,0.02275499,2
0.059666532,0.084733294,0.715416561,-0.028065724,-0.482939487,-0.493017058,0.465225465,-0.529346088,0.589762362,-0.437797022,-1.409839937,-0.662885039,-0.30211931,0.929156977,-0.133395984,2
0.18998463,-0.378237317,0.164068329,-0.025627474,-0.969326927,-0.73566792,-0.169994562,0.105341757,0.162530245,-0.389774202,-1.141211229,-0.173459763,-0.198480539,0.836829661,0.192103364,2
-0.044839997,-0.336187405,-0.146517125,-0.258348952,-0.724252456,-0.171455961,0.418376092,-0.549681037,0.164961513,0.205957922,-0.039202713,-0.606133363,-0.097934099,0.809880658,0.312087869,2
-0.323405289,-0.485623473,0.035149318,0.233936524,-0.683040387,-0.094056808,0.375211464,-0.441006535,0.08357161,-0.426255349,-0.905997314,0.158112822,0.137383844,0.844014948,0.111011429,2
0.351317209,-0.114618524,-0.153177294,-0.097919306,0.16160247,-0.10279645,0.229734971,0.078873286,0.345152427,-0.652622059,-0.247927559,0.14019647,-0.562049838,-0.041998084,-0.163901817,2
-0.18665744,-0.411207392,0.701422543,0.152843455,-0.967680085,-0.319392557,-0.124420849,-0.604117417,0.804075507,-0.088594963,-1.584035036,-0.57699735,0.084943342,1.25878724,0.03433242,2
-0.244998072,-0.384937821,0.339458528,-0.232074959,-0.923921064,-0.071016384,0.113127894,-0.297104714,0.632439862,-0.202448754,-0.899829482,-0.370715719,-0.022049281,0.42004254,-0.118203912,2
-0.003226932,-0.209156549,-0.337394829,0.479416618,-0.830474419,0.686183466,-0.037570886,-0.026397059,-0.272402751,0.966283346,-0.173533815,-0.130842657,-0.083218299,1.016341501,0.366974583,3
0.351427273,-0.438712564,-0.554315608,0.653422795,-0.643721913,0.2917698,0.023322243,0.004421169,-0.26114428,0.996372947,0.461707458,0.179743014,0.069086611,0.745748159,0.911179352,3
0.114689245,-0.224035789,0.214690749,0.299690951,-0.809879024,0.854336574,0.043912909,-0.239120535,0.23384615,0.965468236,0.187278874,0.058411225,0.390376283,0.71659205,0.605503787,3
-0.494611502,-0.485043904,-0.1232089,0.362523276,-0.113322767,0.339700379,0.038528991,-0.737485964,-0.191876638,0.605268123,-0.434143449,-0.065228955,-0.39057187,0.423920908,0.197868503,3
0.05528907,-0.234106643,0.35220405,0.057574307,-0.780842273,0.077898429,-0.292873508,-0.103242233,0.093610689,0.161295115,-0.672078109,-0.019894297,-0.103696236,0.528658897,0.271017418,3
0.185428669,-0.141389695,-0.511012378,0.275524197,-0.449969977,0.313700426,-0.031314506,0.144705863,0.0201896,0.902115194,0.070731307,-0.112326296,-0.257304824,-0.259189116,0.399376115,3
0.088094872,-0.355586283,-0.515684742,0.030116099,-0.172409848,0.088134854,0.016342675,0.562533945,-0.028955339,0.053725178,0.083753498,0.09907768,0.248540726,0.04341814,-0.233027021,3
-0.231937325,-0.69504516,-0.349811907,0.70019192,-0.529016119,0.434227333,0.143872952,-0.165211569,-0.519324583,0.782464325,0.310151052,0.75163748,-0.598804281,1.078097631,0.406222934,3
0.155182599,-0.281763356,-0.189991354,0.789963042,-1.122687071,0.481595743,0.37325287,-0.576323696,0.414900671,0.706310022,-0.448871476,0.233157559,-0.270050767,0.626665381,0.825768567,3
0.101080221,-0.395417092,-0.501514642,0.349410709,-0.784004741,0.693605813,0.131311134,-0.623431747,-0.117435178,1.655672656,-0.794231284,-0.004503873,0.07056132,1.933915676,0.430330701,3
-0.015625137,-0.582607426,0.027853326,0.612526832,-1.208736889,0.351998851,0.508227481,-0.6352447,0.047928488,0.617747904,-1.236080687,0.002805927,-0.60120506,1.468914978,0.008445285,3
-0.207402421,0.083232131,-1.063261781,1.024797563,-0.061525353,1.183087091,0.171590192,0.261337276,0.059715186,1.603115637,1.040214073,0.379016826,0.105896993,0.656764299,1.134021302,3
-0.56167279,-0.729281101,-0.387124619,0.229589411,-0.517758237,0.000566555,0.296633863,-0.463289091,0.66912696,0.670075642,-0.162865196,-0.169152643,0.172367035,1.000532463,-0.118361265,3
-0.086703865,-0.213882861,-0.393341847,0.407378091,-0.300776098,0.636755981,-0.181092035,0.084556378,-0.280354708,0.659567317,0.337344648,0.60264381,0.114875978,0.434855514,0.699036772,3
-0.14084983,-0.397794446,-0.052545898,0.585011593,-0.902505974,0.383051456,0.433709458,-0.145629837,-0.256194155,1.792159394,-0.526625035,0.050861198,-0.133866919,1.460264665,0.472833291,3
-0.259742275,-0.323544267,-0.416781011,-0.018956612,-0.52136886,-0.425152831,0.333239792,-0.473178511,-0.084324688,0.210719374,-0.421018388,-0.393307521,-0.437972743,0.552553908,0.194739372,3
0.178559758,-0.347492306,-1.142754959,0.964570162,-1.121147553,0.379037677,0.239938356,0.004168132,-0.058511206,1.231780687,-0.202003136,0.127445295,-0.139584209,1.295195242,1.234853781,3
0.579334204,0.414392439,-0.775749657,0.989724257,-0.642011231,1.098070187,0.013296979,-0.306892394,-0.19223043,1.074504437,-0.069451074,-0.015081636,0.275605135,0.593153065,0.432731001,3
0.081012587,-0.157814583,0.372931398,0.539563976,-0.127873388,0.03231461,0.12223342,-0.08243425,-0.224857325,0.576602462,0.12844239,0.197834732,-0.338020359,0.677873762,0.996713415,3
0.240481363,-0.233533797,-0.918786652,0.930301472,-0.582881924,1.294751025,0.550379829,-0.075053759,0.122083973,1.058297369,0.340617283,-0.071798708,-0.195812555,0.848224572,0.339739113,3
-0.021308177,0.068128819,-0.470185187,0.943020579,-0.792653976,1.057466732,0.029852924,-0.230613706,0.385277606,1.263959326,0.095251755,0.255054242,-0.273926633,0.866762478,0.814967667,3
0.065188696,0.110656889,-1.020338041,1.033009757,-0.363752707,1.129456572,-0.185898795,-0.359487239,-0.410234034,1.601740341,0.584268823,0.599191227,-0.576501775,0.276015003,0.843672428,3
-0.011741734,-0.81695728,-0.943595882,0.595818844,-0.87355311,1.371618003,0.07917512,-0.222253238,0.215035881,0.973378734,-0.086104594,0.347121547,-0.138063849,0.74717128,0.605327285,3
-0.089473655,-0.784492894,0.259495614,0.134551428,-0.693680881,-0.497358824,0.199094926,-0.230554252,-0.47649038,-0.163147294,-0.871638108,-0.426486377,0.14956076,0.959904439,-0.210249389,3
-0.449866415,-0.088536738,-0.248172202,-0.012505367,-0.554317287,0.516761329,0.104163158,-0.278423906,-0.025833288,1.09608548,-0.061666139,0.062096845,0.062866013,0.654154634,-0.051650755,3
0.113214033,-0.199425927,-0.389596452,0.412143211,-0.662095668,0.264886064,-0.25790436,-0.044097373,-0.056050933,0.283948167,0.506014785,0.226825074,0.079733802,0.39678412,0.288790618,3
-0.114658734,-0.618897096,-0.010599014,-0.035953318,-1.231059493,0.124281696,0.290515819,-0.5914476,0.071750812,0.988297801,-0.982581824,-0.158456993,-0.095564402,1.626195635,0.480612835,3
0.044726425,-0.760651523,-0.700300637,0.750103486,-0.586770462,0.624631463,-0.204627712,-0.339708262,0.055441706,1.396745048,0.096756607,-0.018142457,-0.145900022,1.07258487,0.87986166,3
-0.005157249,0.015664648,-0.838367887,1.149194472,-0.423572894,1.525795306,0.313768217,0.072062236,-0.131972548,1.869745023,0.648309229,0.670003136,0.071864059,0.769967412,0.516783937,3
0.281516836,-0.357492402,-0.388932921,0.719898609,-0.985658354,0.174618797,-0.313606043,-0.273563294,-0.359221102,1.072856942,-0.767369843,-0.226068774,-0.308171156,1.114365363,0.381513694,3
-0.33189064,-0.641419567,-0.071477663,0.639294686,-1.067719565,-0.233003916,0.452757269,-0.733968993,0.337564889,-0.05350077,-1.390428491,-0.491559753,0.379844679,1.036702111,-0.062316159,3
-0.041082786,-0.0929249,-0.196697741,0.255733033,-0.827869152,0.655171357,0.241176914,0.122601014,-0.070993008,0.714357442,-0.245139963,-0.380910306,-0.183906971,1.028388114,0.626016344,3
-0.434794216,-0.625139799,-0.251228208,0.358208894,-0.611380856,0.4539201,0.440219508,-0.448709824,0.328168828,0.350069528,-0.276088538,-0.275050535,-0.237921718,1.433278258,0.324104572,3
-0.104049848,-0.30609183,-0.215995128,0.181143132,-0.453006146,0.485801238,-0.218064575,0.1142468,-0.151217415,0.928329786,-0.07023802,-0.265050816,-0.746606299,0.372181302,0.153821536,3
0.086251332,0.224192907,-0.908272693,0.831862064,-0.38977358,1.492473044,0.556062207,-0.218640856,-0.623677446,1.657418794,0.820353754,0.440123913,-0.225056907,0.472556467,1.105626165,3
0.145203728,-0.538064899,-0.281855825,0.920736474,-0.485576726,1.354041978,-0.054954829,-0.492028956,-0.122029121,1.814426839,0.956504508,0.163081147,-0.010205413,0.505988804,1.103989843,3
0.437188887,-0.568138456,-0.001286332,0.392803991,-0.908340278,-0.110605096,0.4274059,0.020389342,-0.168330884,0.597430285,-0.855060526,-0.005593881,-0.436855356,1.377352099,0.450533835,3
-0.002982387,-0.16940984,-1.191533941,0.601551428,-0.315875522,1.001418571,-0.027018676,-0.411308308,-0.316064225,1.228573417,-0.102034459,0.439914851,0.167113703,0.648798788,1.258661313,3
0.274431246,-0.243945465,-0.015207065,0.560131142,-0.452584781,-0.182805705,0.291439187,0.368576308,-0.04572272,1.067085944,0.040370945,-0.107533813,0.020809975,-0.330960227,0.111740272,3
0.579864434,-0.311854109,-0.397062713,0.646215316,-1.053674302,-0.092750518,0.31753697,-0.433191821,0.281868352,0.598431876,-0.423990746,-0.275699991,0.035293344,0.74485098,0.306640972,3
-0.283767519,-0.668401676,-0.672103525,0.587681437,-1.180079588,1.143250359,0.254100072,-0.328445079,-0.506486964,1.278034462,0.230053865,0.284271754,-0.505373209,1.417067258,0.795381694,3
0.026851239,-0.606171802,-0.438757199,0.960188168,-0.842193484,0.880453188,0.101701087,-0.690990226,-0.067144585,1.712178061,0.406438088,-0.16991001,-0.643618133,1.149178275,0.92524864,3
0.089990415,-0.105299545,-0.449391294,1.086585156,-0.728372498,0.88771249,0.013705073,-0.531230739,0.117642163,0.814902042,-0.373282216,-0.25182276,-0.005313209,0.771303189,0.31882343,3
0.453561925,-0.540384235,0.110007688,0.175850671,-1.349602537,-0.386548075,0.12608519,-0.528294123,0.180793784,0.759108609,-1.34084354,-0.395560276,-0.212525331,1.586305239,0.446764724,3
0.06960963,0.047530762,-0.132031892,0.371233615,-0.789702873,0.780711639,0.137467921,-0.49553519,-0.234852966,0.707114397,0.337736602,0.027190915,0.074499113,0.119930126,0.270844728,3
0.192517186,-0.422783614,-0.65048579,0.712536677,-0.871100449,0.374126421,0.525121617,0.038018598,0.587544262,1.210847102,-0.116914511,0.217270856,0.02199623,0.65798774,0.816510245,3
0.325456976,0.353680312,-0.381444755,0.337291744,0.132177515,0.73903304,0.227149207,-0.512236137,0.610201597,0.462545032,0.302959922,-0.071054741,-0.447284684,0.082072543,0.118851925,3
0.127797964,0.087389141,-0.81699341,0.194073558,-0.870476719,0.550796916,-0.038753564,-0.337737131,0.438686864,1.074419889,-0.262569794,-0.409837125,0.061709356,1.032569426,0.290122623,3
0.20974907,-0.275033006,-0.349519976,0.424335141,-0.573022354,-0.200707796,0.129145601,-0.127538157,0.173570916,0.215529245,-0.062699189,-0.299236181,0.420454565,0.596748769,0.117923628,3
0.250528584,-0.430673819,-0.283081328,0.528575723,-1.369024899,0.347034289,0.376791913,-0.454146768,0.156351541,1.138369155,-0.785559466,-0.474037236,-0.075870442,1.069732853,1.25254024,3
0.13643931,-0.115998321,-1.040904064,0.632214387,-0.138111983,0.69260632,0.358050445,-0.565710809,-0.456189851,1.192531798,0.406941229,0.085786098,-0.018401829,0.966709572,0.525545552,3
-0.062679596,-0.259627495,-0.240198011,0.201565498,-0.73052613,0.004861533,0.257844076,0.103510819,0.078144197,0.393870305,-0.825951879,0.111890633,0.047369456,0.808455362,0.323594634,3
0.011610023,-0.213772329,0.134330916,-0.34025439,-0.693576929,0.073452324,0.283540711,-0.121859427,0.020920232,-0.452760133,-0.883031807,-0.094819622,0.029140475,0.347462286,-0.010499416,3
0.221135713,-0.507661931,-0.33010651,0.521682084,-0.610785643,0.822349117,0.199727739,-0.630115314,-0.235473518,1.042920521,0.190932921,-0.47224404,-0.485308033,0.751315545,1.018114416,3
-0.483304187,-0.371157584,0.061612505,0.279367064,-0.699199343,0.185608311,0.128005944,-0.052720187,-0.269938732,0.193508621,-0.687153113,-0.144072387,-0.542146043,0.657890661,0.017742225,3
0.164230493,-0.68434352,-0.461347998,0.715162707,-0.790662495,0.838752493,0.306645505,-0.73669753,0.188539248,1.863541435,0.19000021,-0.333606704,-0.05397341,0.994014092,0.498223399,3
-0.312630647,-0.752417652,-0.127237962,0.559811179,-1.068646567,0.041906436,-0.155453593,0.025982184,-0.224633171,0.654002535,-0.47594449,-0.022620774,-0.273235803,0.88454234,0.387081785,3
-0.200629734,-0.676601432,-0.238126044,0.22761115,-1.262460582,0.154286153,0.231741459,-0.833038051,0.223228043,0.390824503,-1.105784485,-0.458525279,-0.079817242,1.455380975,0.813027414,3
-0.032221274,-0.240362418,-0.366933279,0.375838982,-0.780406017,0.083215355,0.09553525,-0.098910605,0.29761721,0.888617168,-0.058699608,-0.174532583,-0.334566834,1.41629463,-0.018510102,3
-0.160213762,-0.255624327,-0.474432606,1.137846132,-0.795689793,0.714109817,0.023575962,-0.45352025,-0.22575969,0.95983455,-0.045055272,-0.216599587,-0.200963041,0.672923178,0.828109719,3
0.276557518,-0.093280801,0.399222146,0.614926903,-0.771541785,0.17476463,0.338519758,-0.252259943,-0.086861627,1.020937198,-1.061301144,0.604563125,-0.118964733,0.523600944,0.227612495,3
0.352254088,-0.69279385,0.093927999,0.12476006,-0.63227186,0.094681749,-0.147572228,-0.240885435,-0.311477516,-0.270871706,-0.82891834,-0.512456042,0.083658461,0.907376317,0.234577165,3
0.3356403,-0.407648859,-0.026100531,-0.121160471,-0.226706559,0.358023668,0.316741536,0.179807014,-0.291585966,0.762157227,-0.202414969,0.117114023,0.01590236,0.863128261,0.201586607,3
0.497685675,-0.503665322,-0.728075348,0.730397324,-0.892580823,0.502789578,0.076342552,-0.512326112,-0.158740639,1.243522317,-0.4130675,-0.041596963,0.042155774,1.553933878,1.05807084,3
0.724147038,-0.500458994,-0.51224167,0.607000425,-0.667767907,0.488476155,0.292981798,-0.25418461,-0.032248462,1.110777808,0.333303261,0.54899255,0.040786468,0.784911682,0.800815679,3
0.278174452,-0.020761603,-0.268494413,0.45803202,-1.036535525,0.143553788,0.013204635,-0.623800147,0.364782904,0.593695356,-0.817185098,-0.022786252,0.003366204,0.510250905,0.197172143,3
0.305371938,-0.182067559,-0.822786252,0.518983228,-0.913351387,1.105738265,0.495747096,-0.325925036,0.451315349,1.356210254,0.106533101,-0.138831436,-0.162543083,1.082337942,0.967920315,3
-0.428690672,-0.450025335,-0.290808759,0.318024388,-1.161761103,1.092519353,0.507132432,-0.386645106,-0.420268665,1.521400592,0.273030109,0.075653206,-0.059858527,1.828149525,1.066982019,3
-0.119301548,-0.125396825,-0.485440599,0.647322979,-1.435883225,0.646297705,-0.205721614,-0.160854765,-0.386138214,1.075301102,-0.518851149,0.081362716,-0.230146176,1.715867719,0.716997009,3
-0.181967014,-0.014868371,0.174724795,-0.375898416,-0.629585838,-0.260071526,0.014207788,-0.198601241,0.386120402,0.167949803,-1.461193128,-0.117334651,-0.263708537,0.699454848,-0.552419596,3
0.234234848,-0.219595736,-0.372524088,0.354053169,-0.162699804,0.057358478,0.522922832,-0.203564544,0.23839056,0.844084706,0.065097198,0.286510218,-0.299810079,0.321288725,-0.124724393,3
0.266135811,0.037672175,-0.31000237,0.230413637,-0.239857525,0.21110372,-0.105613941,0.196285808,-0.515156263,0.256026849,0.421655808,0.113689871,0.044491729,0.302011267,-0.091071058,3
0.159358501,-0.471822439,-0.535471122,0.178974737,-1.229033141,1.300847071,0.440892921,-0.550250174,-0.313990572,1.11865882,-0.46255201,0.107453137,-0.660499012,2.016996257,0.047048313,3
0.199331,-0.255898934,-0.517700583,0.50389215,-0.538420753,0.531905501,-1.49E-05,-0.6480982,-0.19288597,1.371170778,1.082619919,0.315566992,-0.404261039,0.929282765,0.752251575,3
0.144827872,-0.539458846,-0.466294239,0.807336073,-1.12155187,0.383118518,0.06933182,-0.115275054,-0.301009866,0.965222061,0.062280526,-0.061239012,-0.245215,1.092464392,1.001476286,3
0.076298457,-0.213358458,-0.571297815,0.181950812,-0.940679884,0.359896632,-0.241556446,-0.026200583,-0.066412368,0.73812352,-0.18540287,-0.071995356,-0.355645511,0.256290177,0.511770609,3
0.503114126,-0.334875445,-0.712176365,1.110513482,-1.307799801,0.919413164,-0.036645579,-0.43946502,0.387629425,1.842314552,0.460531086,0.261546692,-0.298134908,0.883289483,0.559977509,3
0.089819626,0.178840618,-0.494496366,0.661604944,-0.65027142,0.174543811,0.422311604,0.018319229,0.776918869,0.140524276,-0.408287005,0.059416039,-0.183500292,0.847775956,0.690435653,3
-0.180907542,-0.230020086,0.369467726,-0.474033936,0.060883443,-0.971516802,0.525651788,-0.431009387,-0.080968238,-0.222713444,-1.205600123,0.071886547,0.016326405,0.873169796,-0.371449479,3
0.178588014,-0.526926256,-0.456573987,0.535996634,-0.776290234,0.560264566,0.053781518,-0.413783742,-0.169199278,0.604203348,-0.156828891,-0.107476058,-0.49792332,0.729404903,0.150119552,3
0.078083685,-0.319502408,0.375092425,0.389992978,-0.118912872,0.089007252,0.444532617,-0.300717021,0.290926508,0.132225509,-0.541129923,-0.120675849,-0.028035,0.180278321,0.148619639,3
0.552579213,-0.091840502,-1.030873397,0.591984433,-0.409421863,0.817830861,0.116377496,-0.103165185,-0.078606901,1.21106742,0.34565181,-0.056093863,0.157492222,1.008719161,0.449689656,3
0.01805549,-0.001769268,-0.777401802,0.682945305,-0.151675602,1.297115258,-0.405764184,-0.227852522,-0.017591071,1.41308799,0.391254761,0.538417371,-0.336801909,0.545033546,0.624586808,3
0.050906072,-0.602412087,-0.183710595,0.31387031,-0.498667242,0.181611269,-0.216226722,0.328870553,0.100765946,0.495185204,-0.319418198,0.174850763,0.000621341,0.916029987,0.189874136,3
-0.092672254,-0.495896533,-0.203967471,0.158238406,-0.670797982,0.759244163,0.588667413,-0.236424536,-0.117423416,1.066449681,-0.326007619,-0.185522266,-0.746839824,1.212905091,0.72700962,3
0.15372289,-0.417961612,-0.083852143,0.265911282,-1.112411337,-0.188449607,0.547461377,-0.435385258,0.116968967,0.197900672,-0.620060608,-0.340392998,-0.428402246,1.142822942,0.307020721,3
0.09219416,-0.712737246,-0.34044848,0.405958328,-1.21120133,0.319714086,-0.127340018,-0.238657016,0.092333457,1.044512609,-0.673049762,-0.093166098,-0.44773038,2.067276582,0.639423369,3
0.31285991,0.167161087,0.233068167,0.321094032,-0.762959032,-0.245149537,-0.152190955,-0.116438075,0.582675513,0.303090698,-0.615981207,0.058872109,0.052509092,0.661277406,-0.063604171,3
0.419578404,-0.528869675,-0.325628809,0.476557934,-0.916345664,0.350915409,0.171592714,-0.154249865,0.09364891,0.796352035,-0.078907316,-0.149995247,-0.624815142,0.488979516,0.40041063,3
-0.167721368,0.287668502,-0.604206066,0.331241212,-0.247877787,0.901473282,-0.122874092,0.520477623,-0.081164452,0.476027403,-0.083661357,0.344430058,-0.367759304,0.606243073,0.105673751,3
0.159857392,-0.308953155,-0.493421259,-0.379152981,-0.478051909,-0.312749331,0.423741207,-0.540154694,0.186644443,-0.094727338,-0.758979164,-0.107463373,-0.131413604,1.463822427,-0.124437426,3
0.037573631,-0.415957471,-0.72180115,0.48045103,-0.362144146,0.840949758,0.062571578,-0.555058546,-0.003901731,1.172139012,0.518986804,0.048282538,-0.281837041,0.731030803,0.452797672,3
0.11418811,0.092657581,-0.82665941,0.698733948,-0.657386214,0.786943604,0.124238705,-0.437506831,-0.123602808,0.485890976,0.155866418,0.127218042,0.01286655,0.604543545,0.479094888,3
0.166574736,0.176601398,-0.410165924,0.635867141,0.064541282,0.863399932,0.184891515,-0.052664773,-0.214967364,0.666714129,0.778556512,0.405013647,0.277669246,0.366010002,0.506535499,3
0.065313849,-0.022123871,-1.14535048,0.798146717,-0.524898179,0.855394685,-0.031262999,-0.011809853,-0.053092169,1.597892128,0.711297974,0.045545326,-0.453581014,0.466072566,0.976753586,3
0.096615767,0.14885885,-0.849947694,0.458234535,-0.36633639,0.950630923,0.060528503,-0.303246851,-0.279059741,1.165990968,0.452159155,0.316851903,-0.247072147,0.20069462,0.444825123,3
-0.267148704,-0.43960761,0.395698899,0.124491958,-0.64046585,-0.084797797,0.108484226,-0.896465132,0.366254726,0.058309607,-1.298994337,-0.376578682,0.185103326,0.836009103,-0.060813855,3
-0.144298648,0.02052105,0.012156106,0.614747316,-0.659321293,-0.266183056,-0.1974974,-0.461962749,-0.252259214,0.19519126,-1.058461897,-0.286086459,0.022284773,1.077401183,-0.129671698,3
-0.047839909,-0.048931374,-0.305377176,0.510447198,-0.614591781,0.662816247,0.30960575,-0.446978091,-0.06600553,0.981217851,0.266423742,0.21047036,-0.226018635,0.241173705,0.647030122,3
0.336663857,-0.296764829,0.039468151,0.412833092,0.225619746,-0.170736571,-0.012483838,0.163838626,0.58539215,0.58226604,0.01654473,0.252793064,-0.145360736,0.227777952,-0.14620621,3
